ma_don,san_pham,so_luong,don_gia,kenh,tinh_tp,ngay,thanh_tien
DH00848,Tai nghe,1,690000,Online,TP. Hồ Chí Minh,2024-01-23,690000
DH00686,Ổ cứng SSD,1,1450000,Online,Đà Nẵng,2024-06-14,1450000
DH00854,Ổ cứng SSD,2,1450000,Online,TP. Hồ Chí Minh,2024-12-22,2900000
DH00130,Tai nghe,4,690000,Cua hang,Hà Nội,2024-03-30,2.760.000 đ
DH00465,Tai nghe,4,690000,Online,Cần Thơ,2024-06-29,2760000
DH00647,Tai nghe,2,690000,Online,Khánh Hòa,17/04/2024,1380000
DH00885,Chuột,5,250000,Online,Hà Nội,2024-11-05,1250000
DH00881,Bàn phím,5,450000,Online,Bình Dương,2024-07-10,2250000
DH00377,Ổ cứng SSD,1,1450000,Online,,2024-05-15,1450000
DH00653,Ổ cứng SSD,4,1450000,Online,Đà Nẵng,2024-06-28,5800000
DH00067,Webcam,3,890000,Online,Đồng Nai,2024-12-29,2670000
DH00611,Tai nghe,4,690000,Online,Bình Dương,2024-04-16,2760000
DH00888,Màn hình,2,3200000,Cửa hàng,Lâm Đồng,2024-10-06,6400000
DH00598,Tai nghe,2,690000,Cửa hàng,Cần Thơ,2024-10-24,1380000
DH00701,Tai nghe,2,690000,ONLINE,Hà Nội,24/01/2024,1380000
DH00594,Màn hình,3,3200000,Online,Lâm Đồng,2024-08-27,9600000
DH00478,Tai nghe,2,690000,Cửa hàng,Khánh Hòa,2024-06-18,1.380.000 đ
DH00455,Màn hình,4,3200000,Online,,2024-04-09,12.800.000 đ
DH00178,Bàn phím,4,450000,Online,Lâm Đồng,2024-11-24,1800000
DH00184,Tai nghe,3,690000,Online,Bình Dương,2024-12-17,2070000
DH00549,Tai nghe,1,690000,Cửa hàng,Khánh Hòa,2024-04-26,690.000 đ
DH00026,Bàn phím,4,450000,Online,Lâm Đồng,2024-08-21,1.800.000 đ
DH00370,Màn hình,1,3200000,Online,Hà Nội,2024-06-01,3.200.000 đ
DH00240,Tai nghe,2,690000,ONLINE,TP. Hồ Chí Minh,2024-03-24,1380000
DH00293,Chuột,1,250000,Online,Cần Thơ,2024-12-15,250000
DH00688,Chuột,4,250000,Online,Bình Dương,2024-08-16,1.000.000 đ
DH00471,Bàn phím,3,450000,Online,Bình Dương,2024-06-19,1350000
DH00825,Bàn phím,,450000,Cua hang,Đà Nẵng,2024-04-26,900000
DH00575,Ổ cứng SSD,2,1450000,Online,Khánh Hòa,2024-03-27,2900000
DH00047,Màn hình,3,3200000,Online,Cần Thơ,2024-08-22,9600000
DH00299,Chuột,-2,250000,Cửa hàng,Lâm Đồng,2024-01-21,250000
DH00438,Webcam,4,890000,Cửa hàng,Khánh Hòa,2024-09-27,3560000
DH00534,Webcam,,890000,Online,Đà Nẵng,2024-06-10,3.560.000 đ
DH00830,Chuột,1,250000,ONLINE,Lâm Đồng,2024-04-21,250000
DH00600,Màn hình,3,3200000,Cua hang,Đồng Nai,2024-08-31,9.600.000 đ
DH00093,Tai nghe,1,690000,Online,Khánh Hòa,2024-09-13,690000
DH00145,Tai nghe,1,690000,ONLINE,Đồng Nai,2024-07-25,690000
DH00862,Màn hình,1,3200000,Cửa hàng,Lâm Đồng,22/10/2024,3200000
DH00088,Màn hình,4,3200000,Cửa hàng,Cần Thơ,02/08/2024,12.800.000 đ
DH00546,Màn hình,2,3200000,Online,Đồng Nai,2024-05-11,6400000
DH00550,Màn hình,3,3200000,Cửa hàng,Cần Thơ,2024-04-26,9600000
DH00411,Màn hình,5,3200000,Online,Đồng Nai,31/02/2024,16000000
DH00032,Tai nghe,3,690000,Online,,17/12/2024,2.070.000 đ
DH00821,Màn hình,1,3200000,Online,Bình Dương,2024-11-14,3200000
DH00656,Ổ cứng SSD,3,1450000,Cửa hàng,Đồng Nai,2024-11-20,4350000
DH00399,Màn hình,1,3200000,Cửa hàng,Bình Dương,2024-11-11,3200000
DH00899,Chuột,2,250000,Online,,28/05/2024,500000
DH00838,Màn hình,1,3200000,ONLINE,Đồng Nai,2024-12-20,3200000
DH00106,Màn hình,5,3200000,Cửa hàng,TP. Hồ Chí Minh,2024-12-27,16.000.000 đ
DH00619,Ổ cứng SSD,2,1450000,Cửa hàng,Khánh Hòa,2024-10-21,2900000
DH00601,Bàn phím,3,450000,Cửa hàng,Hà Nội,2024-11-12,1350000
DH00432,Bàn phím,5,450000,Online,Đồng Nai,2024-09-03,2250000
DH00564,Webcam,2,890000,Online,TP. Hồ Chí Minh,2024-08-30,1780000
DH00317,Bàn phím,5,450000,Online,Khánh Hòa,2024-04-11,2250000
DH00061,Tai nghe,4,690000,ONLINE,Đồng Nai,2024-11-19,2760000
DH00593,Chuột,3,250000,Cửa hàng,Lâm Đồng,2024-05-15,750000
DH00558,Màn hình,5,3200000,Cửa hàng,Cần Thơ,2024-01-18,16.000.000 đ
DH00379,Chuột,5,250000,Online,Đà Nẵng,10/03/2024,1250000
DH00290,Màn hình,1,3200000,Online,,2024-05-11,3200000
DH00421,Bàn phím,3,450000,Cửa hàng,Lâm Đồng,2024-09-14,1350000
DH00570,Bàn phím,3,450000,Online,Khánh Hòa,2024-10-28,1350000
DH00136,Webcam,3,890000,Cửa hàng,Cần Thơ,17/05/2024,2670000
DH00361,Chuột,3,250000,Cửa hàng,Bình Dương,2024-02-14,750000
DH00865,Tai nghe,5,690000,ONLINE,Lâm Đồng,2024-01-03,3450000
DH00468,Tai nghe,1,690000,Cửa hàng,Bình Dương,23/08/2024,690000
DH00135,Màn hình,4,3200000,Cửa hàng,Đà Nẵng,2024-02-13,12.800.000 đ
DH00248,Ổ cứng SSD,3,1450000,Cửa hàng,TP. Hồ Chí Minh,2024-04-07,4.350.000 đ
DH00301,Bàn phím,3,450000,Cửa hàng,Đà Nẵng,2024-03-24,1.350.000 đ
DH00124,Tai nghe,2,690000,Online,Khánh Hòa,2024-12-20,1380000
DH00096,Màn hình,3,3200000,Cửa hàng,Hà Nội,2024-05-03,9.600.000 đ
DH00435,Ổ cứng SSD,1,1450000,Online,Đồng Nai,2024-06-16,1.450.000 đ
DH00607,Ổ cứng SSD,4,1450000,Online,Cần Thơ,2024-07-21,5.800.000 đ
DH00632,Tai nghe,5,690000,Online,Cần Thơ,2024-02-02,3450000
DH00801,Chuột,3,250000,Online,Bình Dương,2024-06-08,750000
DH00420,Màn hình,4,3200000,Online,Lâm Đồng,2024-09-02,12800000
DH00372,Bàn phím,4,450000,Cửa hàng,Đồng Nai,2024-06-02,1.800.000 đ
DH00005,Tai nghe,4,690000,Cửa hàng,Bình Dương,2024-05-27,2760000
DH00373,Webcam,4,890000,Cửa hàng,Khánh Hòa,2024-11-10,3560000
DH00542,Bàn phím,3,450000,Online,Khánh Hòa,2024-05-27,1.350.000 đ
DH00222,Bàn phím,4,450000,Cửa hàng,Khánh Hòa,2024-06-19,1.800.000 đ
DH00483,Ổ cứng SSD,4,1450000,Cửa hàng,Khánh Hòa,2024-07-16,5.800.000 đ
DH00496,Ổ cứng SSD,4,1450000,Cửa hàng,Bình Dương,2024-12-02,5800000
DH00105,Màn hình,2,3200000,Online,Đà Nẵng,2024-08-30,6400000
DH00482,Chuột,3,250000,Online,Cần Thơ,2024-01-31,750000
DH00244,Màn hình,5,3200000,ONLINE,,2024-02-29,16000000
DH00783,Chuột,2,250000,Online,Đà Nẵng,2024-07-28,500000
DH00501,Bàn phím,5,450000,Cửa hàng,Bình Dương,2024-03-05,2250000
DH00857,Ổ cứng SSD,4,1450000,Cửa hàng,Hà Nội,2024-10-01,5800000
DH00669,Ổ cứng SSD,1,1450000,Cửa hàng,Đồng Nai,2024-11-02,1450000
DH00165,Tai nghe,-2,690000,Cửa hàng,TP. Hồ Chí Minh,2024-03-31,2070000
DH00057,Bàn phím,5,450000,Online,TP. Hồ Chí Minh,2024-11-02,2250000
DH00862,Màn hình,1,3200000,Cửa hàng,Lâm Đồng,22/10/2024,3200000
DH00531,Chuột,3,250000,Online,Lâm Đồng,05/10/2024,750000
DH00537,Webcam,5,890000,Cửa hàng,Lâm Đồng,2024-03-23,4450000
DH00296,Bàn phím,1,450000,Cửa hàng,Bình Dương,2024-11-02,450000
DH00362,Webcam,4,890000,Cửa hàng,Cần Thơ,2024-07-14,3.560.000 đ
DH00325,Ổ cứng SSD,2,1450000,Cửa hàng,Bình Dương,2024-11-23,2.900.000 đ
DH00779,Ổ cứng SSD,2,1450000,Cửa hàng,Bình Dương,12/01/2024,2900000
DH00443,Ổ cứng SSD,5,1450000,Online,Lâm Đồng,19/05/2024,7250000
DH00058,Bàn phím,1,450000,ONLINE,Hà Nội,2024-06-24,450.000 đ
DH00551,Ổ cứng SSD,3,1450000,Online,Hà Nội,2024-10-28,4350000
DH00122,Chuột,4,250000,Cửa hàng,Hà Nội,2024-10-09,1000000
DH00637,Bàn phím,4,450000,Online,Khánh Hòa,2024-12-24,1800000
DH00149,Bàn phím,5,450000,Cua hang,Bình Dương,2024-10-13,2250000
DH00094,Tai nghe,1,690000,Cửa hàng,Đà Nẵng,2024-11-19,690.000 đ
DH00233,Màn hình,2,3200000,Online,Hà Nội,2024-06-08,6400000
DH00762,Tai nghe,1,690000,ONLINE,Cần Thơ,11/11/2024,690000
DH00326,Webcam,3,890000,Online,Khánh Hòa,2024-11-24,2670000
DH00476,Chuột,2,250000,ONLINE,Hà Nội,2024-12-29,500000
DH00266,Webcam,1,890000,Online,Lâm Đồng,2024-10-21,890000
DH00883,Ổ cứng SSD,5,1450000,Cửa hàng,Cần Thơ,05/03/2024,7.250.000 đ
DH00424,Tai nghe,1,690000,Cửa hàng,Đồng Nai,2024-01-23,690000
DH00376,Màn hình,,3200000,Online,Bình Dương,2024-02-22,12800000
DH00780,Bàn phím,2,450000,Cửa hàng,Bình Dương,2024-01-25,900000
DH00462,Chuột,1,250000,Online,Đà Nẵng,2024-05-28,250000
DH00083,Tai nghe,4,690000,Online,Đồng Nai,01/03/2024,2760000
DH00484,Webcam,4,890000,Online,TP. Hồ Chí Minh,2024-04-03,3560000
DH00682,Webcam,1,890000,Online,Cần Thơ,13/09/2024,890.000 đ
DH00312,Webcam,3,890000,Cửa hàng,Hà Nội,2024-01-31,2670000
DH00437,Chuột,5,250000,Cửa hàng,,19/10/2024,1250000
DH00272,Màn hình,3,3200000,Online,Cần Thơ,13/05/2024,9600000
DH00410,Tai nghe,4,690000,Cửa hàng,Lâm Đồng,2024-04-22,2760000
DH00895,Tai nghe,3,690000,Cửa hàng,Hà Nội,2024-10-26,2070000
DH00027,Ổ cứng SSD,1,1450000,Online,Khánh Hòa,2024-04-21,1450000
DH00650,Ổ cứng SSD,5,1450000,Online,,2024-06-22,7250000
DH00869,Webcam,3,890000,ONLINE,TP. Hồ Chí Minh,2024-06-24,2670000
DH00394,Chuột,5,250000,Online,,2024-09-05,1250000
DH00760,Chuột,4,250000,ONLINE,TP. Hồ Chí Minh,2024-04-09,1000000
DH00768,Chuột,5,250000,Cửa hàng,Đồng Nai,2024-02-18,1250000
DH00446,Chuột,3,250000,Cửa hàng,Cần Thơ,2024-11-23,750000
DH00538,Ổ cứng SSD,2,1450000,Cửa hàng,Hà Nội,31/08/2024,2900000
DH00529,Bàn phím,5,450000,Online,Bình Dương,2024-11-09,2.250.000 đ
DH00074,Tai nghe,5,690000,Cửa hàng,Lâm Đồng,2024-06-15,3450000
DH00202,Ổ cứng SSD,1,1450000,Cua hang,Cần Thơ,2024-10-06,1450000
DH00822,Ổ cứng SSD,2,1450000,Cua hang,Đồng Nai,2024-05-24,2900000
DH00189,Tai nghe,3,690000,Online,TP. Hồ Chí Minh,2024-02-29,2070000
DH00683,Chuột,4,250000,Online,Bình Dương,06/08/2024,1000000
DH00294,Ổ cứng SSD,4,1450000,Online,Khánh Hòa,2024-11-01,5800000
DH00097,Tai nghe,1,690000,Cửa hàng,Cần Thơ,2024-10-27,690000
DH00473,Chuột,3,250000,Cửa hàng,,2024-11-11,750000
DH00571,Webcam,2,890000,ONLINE,Hà Nội,2024-06-07,1780000
DH00040,Webcam,5,890000,Online,,2024-01-29,4.450.000 đ
DH00345,Màn hình,3,3200000,Online,Bình Dương,2024-01-24,9600000
DH00636,Bàn phím,2,450000,Cửa hàng,TP. Hồ Chí Minh,2024-07-21,900000
DH00283,Webcam,5,890000,Cửa hàng,Cần Thơ,2024-02-12,4450000
DH00099,Chuột,3,250000,Online,,2024-09-26,750000
DH00180,Bàn phím,3,450000,Online,Lâm Đồng,2024-10-21,1350000
DH00352,Webcam,1,890000,Online,Khánh Hòa,2024-09-18,890000
DH00891,Tai nghe,1,690000,Online,TP. Hồ Chí Minh,2024-03-04,690000
DH00190,Màn hình,5,3200000,Online,Cần Thơ,2024-01-18,16000000
DH00383,Ổ cứng SSD,4,1450000,Cửa hàng,TP. Hồ Chí Minh,2024-03-20,5800000
DH00625,Màn hình,4,3200000,Online,Hà Nội,2024-12-08,12800000
DH00064,Ổ cứng SSD,2,1450000,Online,TP. Hồ Chí Minh,2024-02-11,2.900.000 đ
DH00454,Màn hình,5,3200000,Cua hang,Đà Nẵng,2024-05-06,16.000.000 đ
DH00353,Webcam,2,890000,Cửa hàng,Bình Dương,2024-04-08,1.780.000 đ
DH00457,Màn hình,3,3200000,ONLINE,Đồng Nai,10/02/2024,9.600.000 đ
DH00880,Tai nghe,3,690000,Online,,2024-06-01,2070000
DH00514,Ổ cứng SSD,1,1450000,Online,Lâm Đồng,21/08/2024,1450000
DH00693,Ổ cứng SSD,4,1450000,Cửa hàng,Cần Thơ,2024-03-23,5800000
DH00273,Bàn phím,2,450000,Cửa hàng,Bình Dương,13/09/2024,900000
DH00279,Ổ cứng SSD,1,1450000,Cửa hàng,Cần Thơ,2024-12-18,1450000
DH00412,Chuột,2,250000,Online,Cần Thơ,2024-02-28,500000
DH00050,Chuột,2,250000,Online,Cần Thơ,2024-07-18,500000
DH00805,Bàn phím,5,450000,Cửa hàng,TP. Hồ Chí Minh,2024-04-25,2250000
DH00236,Webcam,3,890000,Online,Bình Dương,2024-09-24,2670000
DH00485,Ổ cứng SSD,,1450000,Online,Lâm Đồng,2024-02-26,4350000
DH00251,Bàn phím,3,450000,Cửa hàng,Lâm Đồng,2024-03-28,1350000
DH00169,Màn hình,3,3200000,Online,TP. Hồ Chí Minh,2024-12-17,9600000
DH00712,Webcam,1,890000,ONLINE,Khánh Hòa,2024-11-25,890000
DH00731,Ổ cứng SSD,2,1450000,Cửa hàng,,25/10/2024,2900000
DH00755,Webcam,,890000,Online,Khánh Hòa,2024-07-04,1.780.000 đ
DH00218,Màn hình,4,3200000,Online,TP. Hồ Chí Minh,2024-01-26,12.800.000 đ
DH00192,Màn hình,3,3200000,Cửa hàng,TP. Hồ Chí Minh,2024-02-16,9600000
DH00770,Màn hình,4,3200000,Cửa hàng,Đà Nẵng,25/05/2024,12800000
DH00188,Tai nghe,5,690000,Cua hang,Lâm Đồng,2024-08-31,3450000
DH00450,Chuột,5,250000,Online,Đà Nẵng,14/03/2024,1.250.000 đ
DH00855,Bàn phím,2,450000,Online,Cần Thơ,2024-01-19,900000
DH00498,Chuột,3,250000,Online,Bình Dương,2024-05-20,750.000 đ
DH00758,Chuột,5,250000,Online,Bình Dương,2024-03-14,1250000
DH00659,Màn hình,1,3200000,Online,Cần Thơ,04/11/2024,3200000
DH00203,Bàn phím,4,450000,Cua hang,Đồng Nai,2024-11-11,1800000
DH00842,Màn hình,3,3200000,Online,Hà Nội,2024-10-01,9600000
DH00408,Chuột,1,250000,Online,Cần Thơ,2024-05-02,250.000 đ
DH00275,Chuột,4,250000,Online,Đà Nẵng,2024-04-18,1000000
DH00623,Tai nghe,1,690000,Cửa hàng,Khánh Hòa,25/03/2024,690000
DH00425,Màn hình,1,3200000,Online,Đà Nẵng,2024-09-27,3200000
DH00725,Chuột,5,250000,Online,TP. Hồ Chí Minh,2024-03-24,1250000
DH00784,Ổ cứng SSD,3,1450000,Online,Khánh Hòa,2024-05-10,4350000
DH00532,Màn hình,4,3200000,Online,Đà Nẵng,2024-10-18,12800000
DH00260,Bàn phím,1,450000,Online,TP. Hồ Chí Minh,2024-08-14,450000
DH00853,Webcam,4,890000,Online,,2024-01-27,3560000
DH00513,Ổ cứng SSD,2,1450000,Cửa hàng,Khánh Hòa,2024-09-06,2900000
DH00211,Màn hình,5,3200000,Cửa hàng,TP. Hồ Chí Minh,2024-05-04,16000000
DH00739,Bàn phím,1,450000,Cửa hàng,Khánh Hòa,2024-05-06,450000
DH00635,Màn hình,3,3200000,Online,Lâm Đồng,07/03/2024,9600000
DH00844,Màn hình,3,3200000,Online,Lâm Đồng,2024-07-23,9.600.000 đ
DH00150,Tai nghe,3,690000,Online,Lâm Đồng,2024-11-08,2070000
DH00401,Bàn phím,2,450000,Online,Cần Thơ,2024-02-25,900.000 đ
DH00431,Màn hình,3,3200000,Cửa hàng,Khánh Hòa,2024-06-25,9.600.000 đ
DH00042,Bàn phím,2,450000,Cửa hàng,Cần Thơ,2024-04-04,900000
DH00259,Ổ cứng SSD,,1450000,Online,Lâm Đồng,2024-04-20,4350000
DH00651,Màn hình,3,3200000,Online,Khánh Hòa,2024-10-15,9600000
DH00456,Màn hình,2,3200000,Online,Đà Nẵng,2024-04-04,6400000
DH00710,Màn hình,5,3200000,Online,,2024-07-11,16000000
DH00782,Ổ cứng SSD,5,1450000,Online,TP. Hồ Chí Minh,2024-09-19,7250000
DH00823,Chuột,1,250000,Online,Lâm Đồng,15/11/2024,250000
DH00687,Bàn phím,3,450000,Online,TP. Hồ Chí Minh,26/03/2024,1350000
DH00012,Tai nghe,4,690000,Online,Hà Nội,2024-03-08,2.760.000 đ
DH00890,Chuột,4,250000,Cửa hàng,TP. Hồ Chí Minh,2024-01-28,1000000
DH00144,Chuột,2,250000,Online,Lâm Đồng,2024-04-04,500.000 đ
DH00109,Webcam,1,890000,Online,Đà Nẵng,2024-04-28,890000
DH00388,Bàn phím,1,450000,ONLINE,Bình Dương,26/04/2024,450000
DH00375,Bàn phím,2,450000,Cua hang,Đồng Nai,2024-11-15,900.000 đ
DH00332,Tai nghe,2,690000,Cửa hàng,Đà Nẵng,2024-02-29,1380000
DH00697,Ổ cứng SSD,3,1450000,Cửa hàng,TP. Hồ Chí Minh,2024-09-28,4350000
DH00300,Tai nghe,5,690000,Online,Khánh Hòa,13/01/2024,3450000
DH00509,Bàn phím,3,450000,Cửa hàng,Hà Nội,2024-06-06,1350000
DH00238,Webcam,1,890000,Online,Đà Nẵng,2024-07-11,890.000 đ
DH00585,Ổ cứng SSD,2,1450000,Cửa hàng,Cần Thơ,2024-01-31,2900000
DH00023,Chuột,4,250000,Cửa hàng,Cần Thơ,2024-02-10,1000000
DH00614,Bàn phím,4,450000,Online,TP. Hồ Chí Minh,2024-04-07,1800000
DH00752,Webcam,4,890000,Cửa hàng,Đà Nẵng,2024-01-03,3560000
DH00341,Ổ cứng SSD,4,1450000,Cua hang,Cần Thơ,2024-09-04,5800000
DH00335,Ổ cứng SSD,1,1450000,Cửa hàng,Khánh Hòa,15/12/2024,1450000
DH00337,Tai nghe,2,690000,Online,Khánh Hòa,2024-07-29,1380000
DH00108,Bàn phím,4,450000,Online,,2024-08-11,1800000
DH00792,Ổ cứng SSD,4,1450000,ONLINE,TP. Hồ Chí Minh,2024-07-26,5800000
DH00449,Tai nghe,5,690000,Online,Khánh Hòa,2024-10-18,3450000
DH00193,Webcam,3,890000,Online,Hà Nội,2024-04-21,2.670.000 đ
DH00872,Chuột,5,250000,Online,Đà Nẵng,03/08/2024,1250000
DH00007,Bàn phím,5,450000,Online,Bình Dương,21/04/2024,2250000
DH00308,Tai nghe,4,690000,Online,Lâm Đồng,2024-12-21,2.760.000 đ
DH00738,Ổ cứng SSD,3,1450000,ONLINE,Hà Nội,2024-06-14,4.350.000 đ
DH00159,Tai nghe,2,690000,Cua hang,Đồng Nai,2024-04-21,1.380.000 đ
DH00599,Chuột,1,250000,Online,Lâm Đồng,2024-03-31,250000
DH00256,Tai nghe,4,690000,Online,Đồng Nai,2024-03-20,2760000
DH00615,Webcam,2,890000,Online,Cần Thơ,2024-10-11,1780000
DH00318,Màn hình,3,3200000,Online,Hà Nội,2024-08-16,9600000
DH00680,Bàn phím,2,450000,Online,TP. Hồ Chí Minh,2024-02-04,900000
DH00761,Ổ cứng SSD,1,1450000,Cửa hàng,Lâm Đồng,2024-04-23,1450000
DH00583,Màn hình,,3200000,Online,Cần Thơ,2024-04-25,9600000
DH00574,Tai nghe,3,690000,Online,,2024-08-31,2070000
DH00649,Bàn phím,1,450000,Cửa hàng,Hà Nội,2024-04-08,450000
DH00215,Màn hình,1,3200000,Online,Đồng Nai,2024-03-29,3.200.000 đ
DH00678,Webcam,3,890000,Cửa hàng,Cần Thơ,31/02/2024,2670000
DH00070,Webcam,3,890000,Cua hang,TP. Hồ Chí Minh,2024-09-07,2670000
DH00278,Ổ cứng SSD,5,1450000,Cửa hàng,Đồng Nai,2024-07-16,7250000
DH00358,Tai nghe,1,690000,Online,Khánh Hòa,2024-05-24,690000
DH00403,Bàn phím,3,450000,Online,Đà Nẵng,2024-04-19,1350000
DH00003,Webcam,5,890000,Online,Hà Nội,2024-12-05,4.450.000 đ
DH00172,Bàn phím,2,450000,Online,Bình Dương,2024-03-03,900000
DH00786,Ổ cứng SSD,2,1450000,Cửa hàng,Khánh Hòa,2024-07-21,2900000
DH00900,Ổ cứng SSD,1,1450000,Cua hang,Khánh Hòa,2024-05-28,1.450.000 đ
DH00772,Chuột,1,250000,Cửa hàng,Đồng Nai,2024-10-16,250.000 đ
DH00696,Ổ cứng SSD,1,1450000,Online,Lâm Đồng,2024-05-17,1450000
DH00129,Ổ cứng SSD,5,1450000,Cửa hàng,Khánh Hòa,2024-11-18,7250000
DH00099,Chuột,3,250000,Online,,2024-09-26,750000
DH00886,Màn hình,4,3200000,Online,Cần Thơ,2024-08-12,12800000
DH00539,Ổ cứng SSD,1,1450000,Online,TP. Hồ Chí Minh,2024-09-02,1450000
DH00454,Màn hình,5,3200000,Cua hang,Đà Nẵng,2024-05-06,16.000.000 đ
DH00034,Màn hình,,3200000,Cửa hàng,TP. Hồ Chí Minh,2024-01-21,9600000
DH00310,Bàn phím,4,450000,Online,Đà Nẵng,2024-03-10,1800000
DH00671,Ổ cứng SSD,2,1450000,Online,Đồng Nai,2024-07-25,2.900.000 đ
DH00170,Chuột,2,250000,Online,Cần Thơ,21/12/2024,500000
DH00154,Màn hình,1,3200000,Online,Lâm Đồng,2024-10-21,3.200.000 đ
DH00382,Bàn phím,5,450000,Online,Hà Nội,31/02/2024,2250000
DH00665,Chuột,4,250000,Online,Đà Nẵng,2024-06-16,1000000
DH00414,Webcam,4,890000,Online,Lâm Đồng,2024-11-25,3560000
DH00121,Webcam,1,890000,Online,Đà Nẵng,2024-12-27,890000
DH00795,Webcam,1,890000,Online,Bình Dương,2024-06-02,890000
DH00071,Màn hình,4,3200000,ONLINE,Đồng Nai,2024-04-24,12800000
DH00089,Webcam,500,890000,Online,Lâm Đồng,2024-05-06,4450000
DH00565,Chuột,1,250000,Online,TP. Hồ Chí Minh,2024-12-11,250000
DH00464,Màn hình,1,3200000,Online,Khánh Hòa,2024-02-26,3200000
DH00241,Bàn phím,4,450000,ONLINE,Bình Dương,2024-05-01,1800000
DH00477,Webcam,2,890000,Cửa hàng,Hà Nội,31/02/2024,1780000
DH00118,Màn hình,2,3200000,Online,TP. Hồ Chí Minh,2024-07-30,6400000
DH00763,Bàn phím,4,450000,Online,Cần Thơ,2024-10-25,1800000
DH00075,Webcam,1,890000,Cửa hàng,Lâm Đồng,2024-09-03,890000
DH00740,Màn hình,,3200000,Cửa hàng,Đồng Nai,08/02/2024,16000000
DH00873,Bàn phím,,450000,Online,Đà Nẵng,2024-06-11,1.350.000 đ
DH00804,Bàn phím,1,450000,Online,Đồng Nai,2024-05-02,450000
DH00592,Tai nghe,4,690000,Online,Khánh Hòa,2024-06-25,2760000
DH00356,Webcam,3,890000,Online,Đồng Nai,2024-07-15,2670000
DH00771,Chuột,4,250000,Cửa hàng,Khánh Hòa,2024-02-14,1000000
DH00867,Chuột,1,250000,Online,Đồng Nai,2024-01-07,250000
DH00396,Webcam,4,890000,Online,Đà Nẵng,2024-06-23,3.560.000 đ
DH00151,Chuột,4,250000,Cua hang,Hà Nội,2024-04-02,1000000
DH00533,Ổ cứng SSD,1,1450000,Online,Cần Thơ,2024-12-06,1450000
DH00603,Webcam,1,890000,Online,,2024-07-24,890000
DH00181,Chuột,5,250000,Online,TP. Hồ Chí Minh,2024-06-04,1250000
DH00742,Tai nghe,1,690000,Online,TP. Hồ Chí Minh,2024-07-05,690000
DH00269,Chuột,1,250000,Online,Hà Nội,2024-07-08,250000
DH00350,Webcam,1,890000,Online,Đồng Nai,2024-12-22,890000
DH00448,Chuột,4,250000,Online,Đồng Nai,07/08/2024,1000000
DH00307,Webcam,2,890000,Cửa hàng,Đồng Nai,2024-03-11,1780000
DH00061,Tai nghe,4,690000,ONLINE,Đồng Nai,2024-11-19,2760000
DH00699,Webcam,2,890000,Online,Bình Dương,2024-08-06,1.780.000 đ
DH00258,Bàn phím,2,450000,Cửa hàng,Đồng Nai,2024-08-07,900000
DH00022,Webcam,3,890000,Online,,2024-12-11,2670000
DH00811,Màn hình,2,3200000,Online,Đà Nẵng,02/06/2024,6400000
DH00426,Chuột,3,250000,Cửa hàng,Khánh Hòa,2024-07-03,750000
DH00812,Webcam,5,890000,Cửa hàng,Đà Nẵng,2024-03-30,4450000
DH00653,Ổ cứng SSD,4,1450000,Online,Đà Nẵng,2024-06-28,5800000
DH00119,Bàn phím,2,450000,Online,Đà Nẵng,2024-12-12,900000
DH00205,Webcam,1,890000,Cửa hàng,Hà Nội,2024-03-19,890000
DH00572,Chuột,2,250000,Cửa hàng,Lâm Đồng,2024-11-09,500000
DH00098,Bàn phím,3,450000,Cua hang,TP. Hồ Chí Minh,2024-05-11,1350000
DH00298,Ổ cứng SSD,1,1450000,Cửa hàng,Bình Dương,2024-08-08,1450000
DH00563,Chuột,5,250000,Online,Khánh Hòa,2024-04-12,1250000
DH00254,Ổ cứng SSD,2,1450000,Cửa hàng,Lâm Đồng,2024-11-09,2900000
DH00428,Màn hình,4,3200000,Cửa hàng,Đà Nẵng,2024-09-20,12800000
DH00714,Ổ cứng SSD,3,1450000,Online,Khánh Hòa,2024-12-12,4350000
DH00110,Chuột,1,250000,Online,Đà Nẵng,2024-07-06,250000
DH00156,Chuột,2,250000,ONLINE,Đồng Nai,2024-02-29,500000
DH00128,Chuột,,250000,Cửa hàng,TP. Hồ Chí Minh,2024-03-07,250000
DH00788,Bàn phím,3,450000,Online,Khánh Hòa,02/02/2024,1350000
DH00803,Webcam,5,890000,Online,Đồng Nai,01/01/2024,4450000
DH00208,Chuột,3,250000,Cua hang,Đà Nẵng,2024-11-29,750000
DH00063,Bàn phím,5,450000,Online,Đồng Nai,2024-10-25,2250000
DH00306,Bàn phím,3,450000,Online,Hà Nội,2024-03-23,1350000
DH00138,Màn hình,1,3200000,Cửa hàng,,2024-08-26,3.200.000 đ
DH00491,Tai nghe,1,690000,Cửa hàng,Hà Nội,2024-01-16,690000
DH00541,Chuột,1,250000,ONLINE,TP. Hồ Chí Minh,2024-08-23,250000
DH00342,Webcam,1,890000,Cua hang,,31/01/2024,890000
DH00021,Bàn phím,2,450000,Online,Lâm Đồng,2024-09-13,900.000 đ
DH00395,Chuột,1,250000,Online,Đồng Nai,2024-09-05,250000
DH00642,Ổ cứng SSD,4,1450000,Online,Bình Dương,25/04/2024,5800000
DH00221,Bàn phím,2,450000,Cửa hàng,Lâm Đồng,25/09/2024,900000
DH00102,Bàn phím,5,450000,ONLINE,Bình Dương,2024-02-18,2250000
DH00774,Tai nghe,2,690000,Online,Cần Thơ,2024-05-07,1380000
DH00720,Webcam,3,890000,Online,Khánh Hòa,2024-03-04,2670000
DH00334,Bàn phím,4,450000,Cửa hàng,Lâm Đồng,29/03/2024,1800000
DH00717,Màn hình,5,3200000,Online,Đà Nẵng,20/08/2024,16.000.000 đ
DH00224,Màn hình,4,3200000,Online,Cần Thơ,2024-02-02,12800000
DH00618,Webcam,5,890000,Online,Cần Thơ,25/09/2024,4450000
DH00866,Webcam,2,890000,ONLINE,Bình Dương,2024-06-25,1780000
DH00289,Webcam,2,890000,Online,TP. Hồ Chí Minh,07/11/2024,1780000
DH00644,Màn hình,3,3200000,ONLINE,Đà Nẵng,03/03/2024,9600000
DH00536,Màn hình,1,3200000,Online,Lâm Đồng,2024-03-19,3200000
DH00206,Chuột,5,250000,Online,Hà Nội,2024-09-06,1250000
DH00861,Màn hình,3,3200000,ONLINE,Bình Dương,2024-04-12,9600000
DH00675,Webcam,3,890000,Online,Đồng Nai,2024-08-29,2670000
DH00802,Tai nghe,4,690000,Online,Cần Thơ,2024-09-26,2760000
DH00486,Tai nghe,1,690000,Cua hang,Đồng Nai,2024-05-20,690000
DH00896,Webcam,4,890000,Online,Khánh Hòa,20/02/2024,3560000
DH00015,Tai nghe,5,690000,Online,Lâm Đồng,2024-12-15,3450000
DH00543,Chuột,1,250000,Cua hang,Lâm Đồng,2024-07-11,250000
DH00062,Màn hình,2,3200000,Online,Bình Dương,2024-09-15,6.400.000 đ
DH00366,Bàn phím,2,450000,Online,Hà Nội,2024-02-23,900000
DH00594,Màn hình,3,3200000,Online,Lâm Đồng,2024-08-27,9600000
DH00182,Bàn phím,2,450000,Online,Khánh Hòa,2024-12-17,900000
DH00858,Tai nghe,4,690000,Cua hang,Khánh Hòa,2024-12-19,2760000
DH00084,Ổ cứng SSD,2,1450000,Online,Cần Thơ,2024-05-13,2900000
DH00125,Tai nghe,2,690000,Online,Khánh Hòa,2024-02-25,1380000
DH00888,Màn hình,2,3200000,Cửa hàng,Lâm Đồng,2024-10-06,6400000
DH00458,Tai nghe,1,690000,Online,Cần Thơ,2024-06-24,690000
DH00400,Bàn phím,3,450000,Cửa hàng,TP. Hồ Chí Minh,2024-06-01,1350000
DH00288,Bàn phím,5,450000,Cửa hàng,,2024-08-29,2250000
DH00562,Chuột,3,250000,Cửa hàng,,2024-08-11,750.000 đ
DH00078,Bàn phím,5,450000,ONLINE,Cần Thơ,2024-11-01,2250000
DH00185,Webcam,2,890000,Online,Hà Nội,27/10/2024,1780000
DH00692,Tai nghe,1,690000,ONLINE,Lâm Đồng,16/09/2024,690000
DH00056,Webcam,,890000,Cửa hàng,Lâm Đồng,2024-01-25,890000
DH00589,Ổ cứng SSD,3,1450000,Online,Lâm Đồng,2024-07-15,4350000
DH00553,Bàn phím,1,450000,Online,Hà Nội,2024-10-14,450000
DH00789,Tai nghe,3,690000,Cửa hàng,Cần Thơ,2024-10-02,2070000
DH00166,Chuột,1,250000,ONLINE,Cần Thơ,2024-01-25,250000
DH00849,Ổ cứng SSD,2,1450000,Online,Cần Thơ,2024-08-19,2900000
DH00733,Webcam,3,890000,Online,,2024-05-02,2670000
DH00268,Webcam,4,890000,Online,TP. Hồ Chí Minh,2024-09-14,3.560.000 đ
DH00116,Ổ cứng SSD,3,1450000,Online,,22/02/2024,4350000
DH00171,Ổ cứng SSD,4,1450000,Online,Hà Nội,2024-06-02,5800000
DH00311,Bàn phím,2,450000,Online,Khánh Hòa,2024-12-29,900.000 đ
DH00608,Chuột,4,250000,Online,Đà Nẵng,2024-12-23,1000000
DH00199,Chuột,3,250000,Cua hang,Đồng Nai,2024-12-11,750000
DH00747,Màn hình,2,3200000,Online,,2024-01-10,6.400.000 đ
DH00617,Màn hình,4,3200000,Online,TP. Hồ Chí Minh,2024-05-29,12800000
DH00737,Tai nghe,1,690000,Online,Cần Thơ,2024-02-29,690000
DH00219,Chuột,5,250000,Cửa hàng,Cần Thơ,2024-10-23,1250000
DH00212,Chuột,2,250000,ONLINE,Cần Thơ,2024-09-06,500000
DH00703,Tai nghe,3,690000,Online,Đồng Nai,2024-06-08,2070000
DH00715,Ổ cứng SSD,1,1450000,Online,Bình Dương,2024-07-11,1450000
DH00732,Ổ cứng SSD,2,1450000,Cửa hàng,Cần Thơ,2024-09-12,2900000
DH00504,Tai nghe,5,690000,Online,Đà Nẵng,2024-12-05,3.450.000 đ
DH00055,Bàn phím,1,450000,Online,Bình Dương,2024-10-19,450000
DH00588,Tai nghe,4,690000,Online,Hà Nội,2024-08-12,2760000
DH00596,Chuột,4,250000,Online,Cần Thơ,2024-04-26,1000000
DH00894,Ổ cứng SSD,1,1450000,Online,Bình Dương,2024-03-17,1450000
DH00511,Bàn phím,,450000,Cửa hàng,Bình Dương,2024-11-23,2250000
DH00523,Ổ cứng SSD,4,1450000,Cua hang,Đồng Nai,2024-01-22,5.800.000 đ
DH00522,Tai nghe,1,690000,Cửa hàng,Đà Nẵng,2024-09-23,690000
DH00621,Chuột,4,250000,ONLINE,TP. Hồ Chí Minh,2024-10-24,1000000
DH00330,Màn hình,1,3200000,Online,Cần Thơ,2024-07-28,3200000
DH00663,Ổ cứng SSD,1,1450000,Online,TP. Hồ Chí Minh,2024-02-15,1450000
DH00709,Ổ cứng SSD,1,1450000,Cửa hàng,TP. Hồ Chí Minh,2024-02-11,1450000
DH00406,Màn hình,4,3200000,Cửa hàng,Bình Dương,2024-10-21,12800000
DH00398,Tai nghe,1,690000,Online,Lâm Đồng,2024-02-17,690000
DH00685,Tai nghe,2,690000,Cửa hàng,Đà Nẵng,24/05/2024,1380000
DH00557,Ổ cứng SSD,4,1450000,Online,TP. Hồ Chí Minh,2024-09-03,5800000
DH00148,Chuột,5,250000,ONLINE,Đồng Nai,20/06/2024,1250000
DH00280,Chuột,3,250000,ONLINE,Đồng Nai,2024-03-16,750.000 đ
DH00255,Ổ cứng SSD,4,1450000,Online,Cần Thơ,16/10/2024,5800000
DH00354,Tai nghe,4,690000,Online,Hà Nội,2024-01-08,2760000
DH00555,Màn hình,5,3200000,Online,TP. Hồ Chí Minh,2024-10-09,16000000
DH00054,Màn hình,1,3200000,Online,TP. Hồ Chí Minh,2024-02-07,3200000
DH00393,Chuột,2,250000,Online,Cần Thơ,2024-05-25,500000
DH00540,Màn hình,3,3200000,Cửa hàng,Đà Nẵng,2024-05-17,9600000
DH00721,Webcam,3,890000,Online,Đồng Nai,2024-04-05,2.670.000 đ
DH00231,Ổ cứng SSD,3,1450000,Online,,2024-11-12,4350000
DH00806,Ổ cứng SSD,2,1450000,Cửa hàng,Đà Nẵng,2024-11-17,2.900.000 đ
DH00147,Ổ cứng SSD,3,1450000,Online,Hà Nội,2024-04-09,4350000
DH00846,Chuột,1,250000,Online,Khánh Hòa,2024-10-28,250000
DH00799,Tai nghe,2,690000,Online,Đà Nẵng,2024-09-27,1380000
DH00796,Chuột,2,250000,Online,Hà Nội,2024-02-01,500000
DH00087,Màn hình,5,3200000,Online,Đà Nẵng,2024-03-07,16000000
DH00220,Chuột,5,250000,Online,Đồng Nai,2024-07-13,1.250.000 đ
DH00297,Ổ cứng SSD,5,1450000,Online,,2024-11-29,7250000
DH00741,Chuột,4,250000,Online,Bình Dương,2024-08-10,1.000.000 đ
DH00668,Tai nghe,3,690000,Online,Bình Dương,2024-07-11,2070000
DH00045,Tai nghe,2,690000,Online,,2024-10-24,1380000
DH00175,Màn hình,3,3200000,Online,Lâm Đồng,2024-10-06,9600000
DH00302,Bàn phím,2,450000,Cua hang,TP. Hồ Chí Minh,2024-07-18,900000
DH00400,Bàn phím,3,450000,Cửa hàng,TP. Hồ Chí Minh,2024-06-01,1350000
DH00652,Tai nghe,500,690000,Online,Bình Dương,2024-08-08,690000
DH00751,Webcam,4,890000,Online,Đà Nẵng,2024-07-01,3560000
DH00140,Màn hình,5,3200000,ONLINE,,2024-07-28,16000000
DH00163,Chuột,5,250000,Online,Đồng Nai,2024-01-08,1250000
DH00347,Chuột,3,250000,Online,Khánh Hòa,09/05/2024,750000
DH00495,Màn hình,1,3200000,Online,Cần Thơ,2024-06-16,3200000
DH00887,Tai nghe,5,690000,Cửa hàng,Cần Thơ,2024-12-08,3450000
DH00711,Bàn phím,4,450000,Online,Đà Nẵng,2024-09-22,1800000
DH00503,Tai nghe,3,690000,ONLINE,Khánh Hòa,2024-10-14,2070000
DH00560,Ổ cứng SSD,4,1450000,ONLINE,Lâm Đồng,2024-07-05,5.800.000 đ
DH00281,Ổ cứng SSD,5,1450000,Online,Đà Nẵng,2024-09-08,7250000
DH00602,Màn hình,4,3200000,Cửa hàng,Cần Thơ,2024-12-07,12800000
DH00520,Tai nghe,4,690000,Online,Đồng Nai,2024-03-31,2760000
DH00204,Chuột,1,250000,Online,Bình Dương,2024-06-02,250000
DH00010,Màn hình,3,3200000,Online,Lâm Đồng,30/06/2024,9600000
DH00643,Ổ cứng SSD,5,1450000,Cửa hàng,Cần Thơ,2024-04-09,7250000
DH00627,Webcam,2,890000,Online,TP. Hồ Chí Minh,2024-04-08,1780000
DH00263,Webcam,500,890000,Cửa hàng,Hà Nội,2024-08-03,4450000
DH00271,Ổ cứng SSD,,1450000,Cửa hàng,Đồng Nai,2024-10-12,4350000
DH00764,Ổ cứng SSD,500,1450000,Online,Bình Dương,2024-02-13,7.250.000 đ
DH00164,Bàn phím,4,450000,Cửa hàng,,2024-02-25,1800000
DH00776,Bàn phím,1,450000,Cua hang,Hà Nội,2024-07-13,450.000 đ
DH00286,Webcam,3,890000,Online,Bình Dương,2024-12-07,2670000
DH00655,Bàn phím,5,450000,ONLINE,Đồng Nai,2024-10-24,2250000
DH00524,Ổ cứng SSD,1,1450000,Online,Đà Nẵng,2024-09-24,1.450.000 đ
DH00517,Bàn phím,2,450000,Cửa hàng,Bình Dương,2024-12-26,900.000 đ
DH00445,Bàn phím,4,450000,Online,Khánh Hòa,2024-03-25,1800000
DH00744,Tai nghe,5,690000,Online,,2024-05-19,3450000
DH00340,Ổ cứng SSD,2,1450000,Online,Đồng Nai,2024-12-10,2900000
DH00319,Màn hình,4,3200000,ONLINE,Bình Dương,12/04/2024,12800000
DH00791,Màn hình,2,3200000,Cửa hàng,Hà Nội,2024-11-20,6400000
DH00745,Chuột,1,250000,ONLINE,Khánh Hòa,2024-01-01,250000
DH00100,Tai nghe,3,690000,Cửa hàng,Đồng Nai,2024-06-07,2070000
DH00587,Tai nghe,2,690000,Cửa hàng,Đà Nẵng,11/01/2024,1380000
DH00682,Webcam,1,890000,Online,Cần Thơ,13/09/2024,890.000 đ
DH00292,Bàn phím,2,450000,Online,Lâm Đồng,01/07/2024,900000
DH00777,Ổ cứng SSD,1,1450000,Cửa hàng,Đà Nẵng,2024-01-20,1450000
DH00567,Ổ cứng SSD,4,1450000,Online,Đồng Nai,2024-05-31,5800000
DH00433,Màn hình,4,3200000,Online,Cần Thơ,2024-01-30,12800000
DH00877,Màn hình,2,3200000,Cửa hàng,Hà Nội,2024-05-01,6400000
DH00316,Tai nghe,5,690000,Cửa hàng,Lâm Đồng,2024-08-24,3450000
DH00493,Bàn phím,2,450000,Online,Lâm Đồng,07/03/2024,900000
DH00072,Bàn phím,1,450000,Online,TP. Hồ Chí Minh,2024-01-19,450000
DH00167,Chuột,3,250000,Online,Đà Nẵng,06/04/2024,750.000 đ
DH00162,Bàn phím,1,450000,Online,Đà Nẵng,2024-05-15,450000
DH00131,Bàn phím,4,450000,Online,,2024-12-09,1800000
DH00331,Webcam,3,890000,ONLINE,Khánh Hòa,2024-12-14,2670000
DH00137,Webcam,,890000,Online,Cần Thơ,2024-03-05,3560000
DH00468,Tai nghe,1,690000,Cửa hàng,Bình Dương,23/08/2024,690000
DH00321,Webcam,5,890000,Cửa hàng,Hà Nội,2024-09-12,4450000
DH00017,Tai nghe,2,690000,ONLINE,Đồng Nai,2024-08-18,1.380.000 đ
DH00114,Màn hình,5,3200000,Online,Đà Nẵng,2024-08-16,16000000
DH00008,Bàn phím,5,450000,Online,Lâm Đồng,2024-07-19,2250000
DH00196,Bàn phím,1,450000,Online,Hà Nội,2024-09-28,450000
DH00646,Bàn phím,1,450000,Online,Hà Nội,2024-09-24,450000
DH00174,Bàn phím,2,450000,Cửa hàng,TP. Hồ Chí Minh,2024-09-30,900000
DH00807,Chuột,3,250000,Online,TP. Hồ Chí Minh,2024-10-27,750000
DH00295,Màn hình,4,3200000,Cửa hàng,Bình Dương,29/12/2024,12800000
DH00798,Ổ cứng SSD,4,1450000,Cửa hàng,Khánh Hòa,2024-11-12,5800000
DH00729,Tai nghe,3,690000,Online,Cần Thơ,2024-08-10,2070000
DH00612,Bàn phím,3,450000,Online,Hà Nội,2024-08-14,1350000
DH00068,Màn hình,3,3200000,Cửa hàng,Khánh Hòa,2024-04-03,9600000
DH00474,Ổ cứng SSD,5,1450000,Online,Cần Thơ,2024-07-22,7250000
DH00357,Bàn phím,4,450000,Online,Hà Nội,2024-07-09,1800000
DH00892,Ổ cứng SSD,4,1450000,Online,Khánh Hòa,2024-12-28,5800000
DH00205,Webcam,1,890000,Cửa hàng,Hà Nội,2024-03-19,890000
DH00391,Webcam,1,890000,Cửa hàng,Khánh Hòa,2024-03-10,890000
DH00573,Ổ cứng SSD,4,1450000,Online,,2024-04-11,5800000
DH00778,Tai nghe,3,690000,Online,Cần Thơ,2024-06-21,2070000
DH00723,Tai nghe,1,690000,Cửa hàng,Lâm Đồng,2024-02-01,690000
DH00195,Tai nghe,3,690000,Cửa hàng,Khánh Hòa,2024-04-26,2.070.000 đ
DH00486,Tai nghe,1,690000,Cua hang,Đồng Nai,2024-05-20,690000
DH00489,Bàn phím,4,450000,ONLINE,TP. Hồ Chí Minh,2024-06-30,1800000
DH00305,Ổ cứng SSD,5,1450000,Online,Hà Nội,2024-08-16,7250000
DH00818,Webcam,1,890000,Cua hang,Hà Nội,2024-12-11,890000
DH00832,Chuột,5,250000,Cửa hàng,Đà Nẵng,2024-04-22,1250000
DH00434,Webcam,5,890000,Online,Lâm Đồng,2024-04-20,4450000
DH00475,Tai nghe,1,690000,Online,,2024-05-03,690000
DH00348,Ổ cứng SSD,4,1450000,Online,Bình Dương,2024-07-23,5800000
DH00200,Bàn phím,4,450000,Cua hang,Khánh Hòa,18/01/2024,1800000
DH00155,Bàn phím,3,450000,ONLINE,Đồng Nai,2024-08-13,1.350.000 đ
DH00634,Bàn phím,3,450000,Cửa hàng,Khánh Hòa,2024-07-01,1350000
DH00515,Bàn phím,3,450000,Online,Đà Nẵng,08/03/2024,1350000
DH00004,Màn hình,1,3200000,ONLINE,TP. Hồ Chí Minh,2024-06-14,3200000
DH00378,Màn hình,1,3200000,Online,Hà Nội,2024-05-11,3200000
DH00397,Webcam,1,890000,Online,Cần Thơ,2024-10-16,890000
DH00677,Bàn phím,4,450000,Cua hang,TP. Hồ Chí Minh,2024-07-02,1800000
DH00359,Bàn phím,1,450000,Online,Bình Dương,16/07/2024,450000
DH00841,Webcam,4,890000,Online,Khánh Hòa,06/11/2024,3560000
DH00277,Webcam,5,890000,Cửa hàng,Đà Nẵng,10/06/2024,4450000
DH00267,Tai nghe,4,690000,ONLINE,Cần Thơ,2024-05-19,2760000
DH00577,Màn hình,2,3200000,Online,TP. Hồ Chí Minh,2024-05-17,6400000
DH00230,Bàn phím,1,450000,Online,Bình Dương,2024-02-11,450000
DH00863,Webcam,3,890000,Online,Đồng Nai,2024-05-15,2670000
DH00666,Tai nghe,3,690000,Online,Bình Dương,02/08/2024,2070000
DH00446,Chuột,3,250000,Cửa hàng,Cần Thơ,2024-11-23,750000
DH00374,Ổ cứng SSD,4,1450000,Online,Lâm Đồng,2024-03-11,5800000
DH00552,Webcam,4,890000,Cửa hàng,Đồng Nai,2024-01-24,3560000
DH00569,Webcam,5,890000,Cua hang,Lâm Đồng,2024-04-30,4450000
DH00117,Chuột,5,250000,Cửa hàng,Bình Dương,31/02/2024,1250000
DH00223,Chuột,4,250000,Cửa hàng,Cần Thơ,2024-04-17,1000000
DH00459,Màn hình,5,3200000,Cửa hàng,Khánh Hòa,2024-03-17,16.000.000 đ
DH00201,Bàn phím,1,450000,ONLINE,Hà Nội,2024-11-18,450000
DH00743,Webcam,4,890000,Cửa hàng,Lâm Đồng,2024-12-08,3560000
DH00343,Ổ cứng SSD,3,1450000,Online,Hà Nội,2024-04-09,4350000
DH00753,Ổ cứng SSD,5,1450000,Cửa hàng,Đà Nẵng,2024-11-07,7250000
DH00719,Màn hình,5,3200000,ONLINE,Đồng Nai,2024-08-12,16000000
DH00716,Chuột,1,250000,Online,Hà Nội,2024-10-02,250000
DH00260,Bàn phím,1,450000,Online,TP. Hồ Chí Minh,2024-08-14,450000
DH00392,Màn hình,4,3200000,Online,Đồng Nai,2024-10-09,12.800.000 đ
DH00628,Chuột,2,250000,Online,Hà Nội,2024-12-29,500.000 đ
DH00518,Ổ cứng SSD,3,1450000,Online,Lâm Đồng,2024-11-26,4350000
DH00480,Chuột,4,250000,Online,Hà Nội,2024-11-10,1000000
DH00035,Webcam,3,890000,Online,Hà Nội,22/10/2024,2670000
DH00616,Ổ cứng SSD,2,1450000,Online,Bình Dương,2024-02-07,2900000
DH00009,Màn hình,4,3200000,Cửa hàng,Bình Dương,2024-08-30,12.800.000 đ
DH00527,Bàn phím,1,450000,ONLINE,Hà Nội,2024-09-04,450000
DH00539,Ổ cứng SSD,1,1450000,Online,TP. Hồ Chí Minh,2024-09-02,1450000
DH00320,Tai nghe,2,690000,Online,TP. Hồ Chí Minh,2024-05-12,1380000
DH00441,Bàn phím,5,450000,Cửa hàng,,2024-08-18,2250000
DH00526,Màn hình,2,3200000,Cua hang,Đà Nẵng,2024-08-15,6.400.000 đ
DH00833,Bàn phím,5,450000,Cửa hàng,TP. Hồ Chí Minh,2024-12-12,2250000
DH00349,Ổ cứng SSD,1,1450000,Online,Khánh Hòa,2024-05-16,1450000
DH00095,Màn hình,1,3200000,Cửa hàng,Hà Nội,2024-03-17,3200000
DH00544,Ổ cứng SSD,4,1450000,Online,Lâm Đồng,2024-08-08,5800000
DH00641,Webcam,3,890000,Online,Lâm Đồng,2024-07-20,2670000
DH00210,Màn hình,1,3200000,Online,Cần Thơ,2024-01-26,3200000
DH00176,Bàn phím,4,450000,Online,Lâm Đồng,2024-09-30,1800000
DH00481,Tai nghe,5,690000,Online,Hà Nội,2024-03-03,3450000
DH00282,Tai nghe,1,690000,Online,Hà Nội,2024-08-06,690000
DH00107,Ổ cứng SSD,5,1450000,Online,Hà Nội,2024-06-10,7.250.000 đ
DH00664,Ổ cứng SSD,5,1450000,Online,TP. Hồ Chí Minh,2024-10-24,7250000
DH00252,Tai nghe,4,690000,Online,Bình Dương,2024-08-21,2760000
DH00868,Ổ cứng SSD,5,1450000,Online,Đà Nẵng,2024-04-05,7250000
DH00390,Ổ cứng SSD,2,1450000,Cửa hàng,Bình Dương,2024-12-25,2900000
DH00514,Ổ cứng SSD,1,1450000,Online,Lâm Đồng,21/08/2024,1450000
DH00626,Ổ cứng SSD,3,1450000,Online,Đồng Nai,2024-11-29,4350000
DH00328,Màn hình,2,3200000,ONLINE,TP. Hồ Chí Minh,2024-11-09,6400000
DH00013,Webcam,4,890000,Cửa hàng,Bình Dương,2024-02-17,3560000
DH00746,Webcam,4,890000,Online,Đồng Nai,2024-11-28,3560000
DH00566,Webcam,4,890000,Cửa hàng,Hà Nội,2024-08-03,3.560.000 đ
DH00657,Chuột,1,250000,Online,TP. Hồ Chí Minh,2024-10-16,250.000 đ
DH00214,Tai nghe,4,690000,Cửa hàng,Cần Thơ,2024-06-16,2.760.000 đ
DH00217,Webcam,5,890000,ONLINE,Đồng Nai,2024-05-04,4450000
DH00613,Ổ cứng SSD,,1450000,Online,Lâm Đồng,2024-05-30,1450000
DH00423,Màn hình,5,3200000,Online,TP. Hồ Chí Minh,2024-06-21,16.000.000 đ
DH00568,Tai nghe,,690000,Online,Bình Dương,2024-08-16,2070000
DH00422,Chuột,3,250000,Cua hang,Bình Dương,2024-12-22,750000
DH00069,Webcam,1,890000,Cửa hàng,Đồng Nai,2024-09-21,890000
DH00554,Webcam,2,890000,Cua hang,Lâm Đồng,2024-10-30,1780000
DH00086,Bàn phím,4,450000,Online,,2024-12-10,1800000
DH00702,Chuột,5,250000,Online,Bình Dương,2024-08-30,1250000
DH00467,Bàn phím,2,450000,Online,Lâm Đồng,2024-12-23,900.000 đ
DH00430,Webcam,2,890000,Online,Cần Thơ,2024-03-31,1780000
DH00418,Màn hình,3,3200000,Online,TP. Hồ Chí Minh,2024-07-15,9.600.000 đ
DH00893,Chuột,5,250000,Online,Cần Thơ,2024-08-02,1250000
DH00197,Ổ cứng SSD,5,1450000,Cua hang,Lâm Đồng,2024-03-17,7250000
DH00773,Tai nghe,5,690000,Online,TP. Hồ Chí Minh,2024-02-23,3450000
DH00285,Ổ cứng SSD,5,1450000,Online,Cần Thơ,2024-06-18,7250000
DH00112,Chuột,1,250000,Cửa hàng,TP. Hồ Chí Minh,2024-07-04,250000
DH00545,Ổ cứng SSD,2,1450000,Online,,2024-09-11,2900000
DH00810,Bàn phím,5,450000,Online,Bình Dương,2024-12-02,2250000
DH00836,Webcam,3,890000,Cửa hàng,Đà Nẵng,2024-08-10,2.670.000 đ
DH00500,Màn hình,5,3200000,Cửa hàng,Đồng Nai,2024-12-08,16000000
DH00291,Bàn phím,1,450000,Cửa hàng,Bình Dương,2024-05-31,450000
DH00389,Bàn phím,1,450000,Cua hang,,2024-11-15,450000
DH00360,Webcam,1,890000,Online,Cần Thơ,2024-02-25,890000
DH00407,Tai nghe,4,690000,Online,Khánh Hòa,2024-09-27,2760000
DH00365,Webcam,4,890000,Online,Đồng Nai,2024-05-31,3560000
DH00525,Ổ cứng SSD,3,1450000,Online,Cần Thơ,2024-11-21,4350000
DH00575,Ổ cứng SSD,2,1450000,Online,Khánh Hòa,2024-03-27,2900000
DH00695,Chuột,2,250000,Cửa hàng,Đà Nẵng,2024-10-13,500000
DH00113,Webcam,5,890000,Online,Lâm Đồng,2024-08-07,4.450.000 đ
DH00103,Webcam,4,890000,Online,Đồng Nai,2024-02-18,3560000
DH00415,Tai nghe,,690000,Online,Hà Nội,26/12/2024,2070000
DH00590,Ổ cứng SSD,2,1450000,Online,Bình Dương,2024-12-06,2900000
DH00191,Webcam,2,890000,Cửa hàng,TP. Hồ Chí Minh,2024-07-25,1780000
DH00828,Bàn phím,,450000,Online,Bình Dương,2024-02-05,1350000
DH00639,Webcam,1,890000,Online,Đồng Nai,2024-04-20,890000
DH00053,Webcam,4,890000,Online,,2024-10-26,3.560.000 đ
DH00029,Màn hình,4,3200000,Online,Cần Thơ,2024-09-14,12800000
DH00066,Ổ cứng SSD,1,1450000,Cửa hàng,Bình Dương,2024-06-23,1450000
DH00713,Bàn phím,2,450000,ONLINE,Cần Thơ,07/10/2024,900000
DH00816,Tai nghe,4,690000,Cua hang,Đà Nẵng,2024-02-03,2760000
DH00595,Màn hình,1,3200000,ONLINE,Hà Nội,2024-01-26,3200000
DH00309,Tai nghe,2,690000,Cua hang,Đồng Nai,16/06/2024,1.380.000 đ
DH00387,Tai nghe,4,690000,Online,Đà Nẵng,2024-09-26,2760000
DH00355,Bàn phím,5,450000,Cửa hàng,Cần Thơ,2024-07-20,2250000
DH00734,Webcam,3,890000,Cửa hàng,TP. Hồ Chí Minh,2024-04-08,2.670.000 đ
DH00160,Bàn phím,3,450000,Online,,2024-04-03,1350000
DH00187,Bàn phím,3,450000,Online,TP. Hồ Chí Minh,2024-11-10,1350000
DH00245,Webcam,4,890000,Cua hang,Đà Nẵng,2024-05-10,3.560.000 đ
DH00727,Màn hình,3,3200000,Online,Lâm Đồng,2024-11-11,9600000
DH00835,Ổ cứng SSD,2,1450000,Online,Khánh Hòa,2024-08-15,2900000
DH00158,Webcam,2,890000,Online,Hà Nội,2024-07-14,1780000
DH00127,Webcam,2,890000,Online,TP. Hồ Chí Minh,2024-01-04,1780000
DH00323,Ổ cứng SSD,4,1450000,Online,Đà Nẵng,2024-09-20,5800000
DH00724,Webcam,5,890000,Cửa hàng,TP. Hồ Chí Minh,2024-12-27,4450000
DH00213,Chuột,1,250000,Cửa hàng,,2024-03-12,250000
DH00104,Màn hình,5,3200000,ONLINE,Đà Nẵng,31/02/2024,16000000
DH00630,Tai nghe,2,690000,Cửa hàng,Cần Thơ,2024-04-27,1380000
DH00521,Ổ cứng SSD,,1450000,Online,,2024-05-21,4350000
DH00827,Webcam,2,890000,Cửa hàng,TP. Hồ Chí Minh,30/04/2024,1780000
DH00229,Bàn phím,3,450000,Online,TP. Hồ Chí Minh,2024-09-19,1.350.000 đ
DH00850,Tai nghe,3,690000,Online,Cần Thơ,2024-06-30,2.070.000 đ
DH00183,Bàn phím,1,450000,Cửa hàng,TP. Hồ Chí Minh,2024-08-26,450000
DH00648,Chuột,3,250000,Cua hang,Đồng Nai,2024-12-14,750.000 đ
DH00672,Màn hình,1,3200000,ONLINE,Lâm Đồng,2024-03-26,3.200.000 đ
DH00198,Màn hình,5,3200000,Online,Hà Nội,2024-10-18,16000000
DH00463,Webcam,3,890000,Cửa hàng,Cần Thơ,2024-11-03,2670000
DH00452,Webcam,5,890000,ONLINE,Đồng Nai,2024-03-13,4450000
DH00884,Bàn phím,2,450000,Online,Đồng Nai,06/12/2024,900000
DH00831,Ổ cứng SSD,4,1450000,Cửa hàng,Lâm Đồng,2024-09-15,5800000
DH00815,Tai nghe,4,690000,Cửa hàng,Hà Nội,2024-03-30,2.760.000 đ
DH00487,Màn hình,2,3200000,Online,Hà Nội,2024-09-26,6400000
DH00051,Bàn phím,5,450000,Cửa hàng,,2024-03-22,2250000
DH00416,Màn hình,1,3200000,Online,Khánh Hòa,09/11/2024,3200000
DH00367,Ổ cứng SSD,5,1450000,Online,Lâm Đồng,2024-07-15,7250000
DH00535,Tai nghe,3,690000,Cửa hàng,Lâm Đồng,10/05/2024,2070000
DH00235,Bàn phím,5,450000,Online,TP. Hồ Chí Minh,2024-04-23,2250000
DH00490,Bàn phím,5,450000,Online,TP. Hồ Chí Minh,2024-01-27,2250000
DH00582,Màn hình,2,3200000,Cửa hàng,Cần Thơ,2024-01-21,6400000
DH00402,Webcam,5,890000,Online,Khánh Hòa,2024-04-29,4450000
DH00439,Webcam,5,890000,Cửa hàng,Lâm Đồng,2024-07-06,4450000
DH00528,Tai nghe,5,690000,Cửa hàng,Cần Thơ,26/12/2024,3450000
DH00769,Webcam,2,890000,Cửa hàng,Lâm Đồng,2024-09-26,1.780.000 đ
DH00369,Bàn phím,1,450000,Online,Lâm Đồng,2024-05-09,450000
DH00152,Màn hình,1,3200000,Online,Đồng Nai,21/02/2024,3200000
DH00875,Màn hình,1,3200000,Online,Bình Dương,2024-11-24,3200000
DH00781,Webcam,4,890000,Cửa hàng,Đồng Nai,2024-03-02,3560000
DH00030,Bàn phím,3,450000,Cửa hàng,Lâm Đồng,2024-10-12,1350000
DH00707,Màn hình,1,3200000,ONLINE,Bình Dương,2024-03-20,3200000
DH00239,Ổ cứng SSD,1,1450000,Cửa hàng,Lâm Đồng,2024-10-30,1.450.000 đ
DH00874,Tai nghe,2,690000,Cửa hàng,Hà Nội,2024-10-29,1380000
DH00324,Bàn phím,2,450000,Online,Hà Nội,2024-12-26,900.000 đ
DH00629,Webcam,5,890000,Cua hang,Cần Thơ,31/02/2024,4450000
DH00864,Ổ cứng SSD,5,1450000,Online,TP. Hồ Chí Minh,2024-07-30,7250000
DH00787,Bàn phím,3,450000,Cua hang,Khánh Hòa,2024-03-16,1350000
DH00380,Chuột,,250000,Online,Khánh Hòa,14/09/2024,1000000
DH00559,Tai nghe,1,690000,Online,Đồng Nai,2024-08-05,690000
DH00516,Bàn phím,4,450000,Online,Hà Nội,2024-01-18,1.800.000 đ
DH00031,Ổ cứng SSD,1,1450000,Online,Hà Nội,2024-04-12,1450000
DH00667,Bàn phím,1,450000,ONLINE,Bình Dương,2024-04-28,450000
DH00842,Màn hình,3,3200000,Online,Hà Nội,2024-10-01,9600000
DH00351,Tai nghe,5,690000,Cửa hàng,Lâm Đồng,2024-05-21,3.450.000 đ
DH00870,Màn hình,,3200000,Cửa hàng,Lâm Đồng,2024-11-02,9.600.000 đ
DH00698,Bàn phím,5,450000,Cửa hàng,Đà Nẵng,28/01/2024,2.250.000 đ
DH00052,Webcam,1,890000,Cửa hàng,Đà Nẵng,2024-03-10,890.000 đ
DH00508,Màn hình,4,3200000,Online,Bình Dương,2024-09-17,12800000
DH00037,Ổ cứng SSD,2,1450000,Online,Đà Nẵng,12/07/2024,2900000
DH00610,Màn hình,5,3200000,Cua hang,Bình Dương,29/01/2024,16.000.000 đ
DH00079,Chuột,3,250000,Cửa hàng,Cần Thơ,2024-04-19,750000
DH00014,Chuột,3,250000,Cửa hàng,Cần Thơ,2024-11-13,750000
DH00676,Webcam,3,890000,Cua hang,,2024-02-02,2670000
DH00059,Ổ cứng SSD,4,1450000,Cua hang,Lâm Đồng,2024-02-29,5800000
DH00576,Bàn phím,5,450000,Cửa hàng,Lâm Đồng,2024-11-28,2250000
DH00234,Webcam,5,890000,Online,Khánh Hòa,2024-02-05,4450000
DH00708,Tai nghe,2,690000,Cửa hàng,,2024-01-16,1380000
DH00797,Tai nghe,1,690000,Online,Đà Nẵng,2024-08-18,690000
DH00413,Bàn phím,5,450000,Online,TP. Hồ Chí Minh,2024-05-25,2250000
DH00479,Màn hình,2,3200000,Online,Đồng Nai,2024-08-23,6400000
DH00194,Tai nghe,1,690000,Cua hang,TP. Hồ Chí Minh,2024-03-09,690000
DH00385,Chuột,4,250000,Online,Bình Dương,2024-09-05,1000000
DH00405,Bàn phím,3,450000,ONLINE,Hà Nội,2024-02-29,1350000
DH00591,Bàn phím,1,450000,Online,Đồng Nai,2024-06-14,450000
DH00046,Tai nghe,3,690000,Online,Lâm Đồng,2024-04-28,2070000
DH00488,Chuột,2,250000,Cửa hàng,Cần Thơ,2024-02-06,500000
DH00670,Chuột,2,250000,Cửa hàng,TP. Hồ Chí Minh,2024-02-18,500000
DH00025,Webcam,1,890000,Online,Lâm Đồng,12/10/2024,890000
DH00730,Webcam,4,890000,Online,Bình Dương,2024-03-24,3.560.000 đ
DH00472,Ổ cứng SSD,2,1450000,Online,TP. Hồ Chí Minh,2024-02-01,2900000
DH00257,Bàn phím,2,450000,Cua hang,Khánh Hòa,2024-11-05,900000
DH00561,Bàn phím,1,450000,ONLINE,Khánh Hòa,2024-06-28,450000
DH00759,Ổ cứng SSD,,1450000,Online,TP. Hồ Chí Minh,2024-03-09,5800000
DH00845,Webcam,1,890000,Online,Khánh Hòa,2024-05-17,890000
DH00492,Ổ cứng SSD,3,1450000,Cửa hàng,Hà Nội,2024-12-05,4350000
DH00548,Chuột,5,250000,Online,Cần Thơ,2024-07-17,1.250.000 đ
DH00247,Màn hình,5,3200000,Online,Lâm Đồng,2024-11-25,16000000
DH00123,Tai nghe,1,690000,Online,Bình Dương,2024-08-11,690000
DH00579,Màn hình,5,3200000,Cửa hàng,Cần Thơ,2024-04-04,16.000.000 đ
DH00690,Bàn phím,2,450000,Online,Lâm Đồng,2024-03-24,900000
DH00207,Webcam,1,890000,Online,Hà Nội,2024-08-16,890.000 đ
DH00640,Ổ cứng SSD,3,1450000,Online,,2024-10-18,4350000
DH00177,Ổ cứng SSD,4,1450000,Cửa hàng,Đồng Nai,2024-09-06,5800000
DH00718,Màn hình,1,3200000,Cửa hàng,Đồng Nai,2024-08-03,3.200.000 đ
DH00756,Chuột,,250000,Online,Lâm Đồng,2024-10-03,1250000
DH00001,Tai nghe,4,690000,Online,Hà Nội,22/04/2024,2760000
DH00227,Webcam,5,890000,Online,Đồng Nai,2024-12-28,4.450.000 đ
DH00878,Chuột,5,250000,Cửa hàng,Đồng Nai,2024-04-10,1.250.000 đ
DH00250,Bàn phím,4,450000,Online,Bình Dương,2024-03-27,1800000
DH00470,Màn hình,5,3200000,Online,Bình Dương,2024-07-10,16000000
DH00109,Webcam,1,890000,Online,Đà Nẵng,2024-04-28,890000
DH00427,Bàn phím,3,450000,Online,Lâm Đồng,2024-05-28,1350000
DH00706,Màn hình,3,3200000,Online,Bình Dương,2024-06-16,9600000
DH00006,Bàn phím,2,450000,Cửa hàng,Đồng Nai,2024-06-12,900.000 đ
DH00261,Màn hình,2,3200000,Online,Khánh Hòa,2024-02-25,6400000
DH00871,Màn hình,1,3200000,Online,Khánh Hòa,2024-10-16,3200000
DH00314,Ổ cứng SSD,4,1450000,Online,TP. Hồ Chí Minh,2024-05-28,5800000
DH00597,Webcam,2,890000,Online,Hà Nội,2024-03-29,1780000
DH00060,Ổ cứng SSD,3,1450000,Cửa hàng,Đồng Nai,2024-11-30,4350000
DH00346,Bàn phím,2,450000,Online,TP. Hồ Chí Minh,2024-03-18,900000
DH00048,Chuột,5,250000,Cửa hàng,Bình Dương,2024-09-22,1250000
DH00809,Chuột,,250000,Online,Khánh Hòa,2024-11-21,250000
DH00303,Chuột,5,250000,Online,Bình Dương,2024-01-23,1250000
DH00750,Chuột,5,250000,Cửa hàng,Khánh Hòa,2024-02-02,1250000
DH00633,Tai nghe,4,690000,Online,Đà Nẵng,2024-05-28,2760000
DH00287,Tai nghe,5,690000,ONLINE,Đà Nẵng,2024-12-15,3450000
DH00837,Webcam,3,890000,Cua hang,Hà Nội,2024-03-06,2.670.000 đ
DH00794,Webcam,5,890000,Online,Hà Nội,2024-06-01,4450000
DH00679,Bàn phím,5,450000,Online,Khánh Hòa,2024-07-29,2250000
DH00313,Webcam,2,890000,Online,Đà Nẵng,2024-08-21,1780000
DH00899,Chuột,2,250000,Online,,28/05/2024,500000
DH00722,Ổ cứng SSD,1,1450000,Online,Lâm Đồng,2024-02-02,1.450.000 đ
DH00897,Màn hình,5,3200000,Online,Lâm Đồng,2024-01-09,16000000
DH00775,Ổ cứng SSD,1,1450000,Online,Đồng Nai,10/11/2024,1450000
DH00735,Bàn phím,3,450000,Cửa hàng,Đồng Nai,2024-01-03,1350000
DH00726,Ổ cứng SSD,5,1450000,Online,TP. Hồ Chí Minh,2024-01-26,7250000
DH00460,Tai nghe,5,690000,ONLINE,Lâm Đồng,2024-08-22,3450000
DH00879,Tai nghe,3,690000,Online,Cần Thơ,2024-09-03,2.070.000 đ
DH00461,Ổ cứng SSD,5,1450000,Online,Hà Nội,2024-02-06,7250000
DH00384,Ổ cứng SSD,2,1450000,Cửa hàng,Lâm Đồng,2024-05-03,2900000
DH00018,Webcam,4,890000,Cửa hàng,Đà Nẵng,2024-11-15,3560000
DH00748,Tai nghe,2,690000,Cửa hàng,TP. Hồ Chí Minh,2024-11-06,1380000
DH00043,Chuột,3,250000,Cua hang,Lâm Đồng,2024-04-15,750000
DH00817,Tai nghe,5,690000,Online,Hà Nội,2024-02-27,3450000
DH00856,Bàn phím,3,450000,Online,Khánh Hòa,2024-04-13,1350000
DH00826,Tai nghe,1,690000,ONLINE,Cần Thơ,2024-12-10,690000
DH00889,Ổ cứng SSD,2,1450000,Online,Khánh Hòa,2024-12-04,2900000
DH00512,Màn hình,3,3200000,ONLINE,TP. Hồ Chí Minh,2024-11-11,9600000
DH00077,Ổ cứng SSD,2,1450000,Online,Bình Dương,2024-05-17,2.900.000 đ
DH00142,Tai nghe,4,690000,Cua hang,Bình Dương,04/11/2024,2760000
DH00876,Ổ cứng SSD,5,1450000,Cửa hàng,Hà Nội,2024-05-27,7.250.000 đ
DH00586,Tai nghe,,690000,Cửa hàng,,22/01/2024,1380000
DH00790,Bàn phím,1,450000,Online,TP. Hồ Chí Minh,2024-04-22,450.000 đ
DH00785,Bàn phím,3,450000,Cửa hàng,Lâm Đồng,2024-04-11,1.350.000 đ
DH00153,Bàn phím,3,450000,Online,Đà Nẵng,2024-01-08,1350000
DH00033,Chuột,1,250000,Online,Đồng Nai,2024-05-30,250000
DH00016,Bàn phím,4,450000,Cửa hàng,Bình Dương,2024-07-31,1800000
DH00436,Ổ cứng SSD,5,1450000,Online,Đồng Nai,2024-04-16,7.250.000 đ
DH00499,Chuột,1,250000,Cửa hàng,TP. Hồ Chí Minh,2024-12-13,250000
DH00620,Bàn phím,1,450000,Online,,2024-05-06,450000
DH00506,Bàn phím,,450000,Online,Khánh Hòa,2024-11-11,900000
DH00373,Webcam,4,890000,Cửa hàng,Khánh Hòa,2024-11-10,3560000
DH00404,Màn hình,1,3200000,ONLINE,Lâm Đồng,06/01/2024,3200000
DH00660,Ổ cứng SSD,1,1450000,Online,Đồng Nai,2024-12-27,1.450.000 đ
DH00451,Ổ cứng SSD,2,1450000,Cua hang,Lâm Đồng,2024-11-20,2900000
DH00767,Chuột,3,250000,Online,Đồng Nai,2024-03-27,750.000 đ
DH00036,Bàn phím,1,450000,Online,,2024-06-02,450000
DH00226,Bàn phím,-2,450000,ONLINE,Đồng Nai,2024-07-17,1800000
DH00173,Ổ cứng SSD,2,1450000,Online,Lâm Đồng,2024-09-11,2900000
DH00242,Chuột,4,250000,Online,Khánh Hòa,2024-12-26,1000000
DH00530,Chuột,5,250000,Online,Lâm Đồng,30/11/2024,1250000
DH00344,Tai nghe,1,690000,Cửa hàng,Hà Nội,2024-03-10,690000
DH00157,Màn hình,1,3200000,Online,Bình Dương,09/05/2024,3200000
DH00834,Tai nghe,5,690000,ONLINE,Cần Thơ,24/02/2024,3450000
DH00749,Chuột,1,250000,Cửa hàng,TP. Hồ Chí Minh,2024-11-13,250000
DH00829,Chuột,3,250000,Online,Đà Nẵng,2024-07-26,750000
DH00824,Màn hình,5,3200000,Cửa hàng,Bình Dương,2024-09-17,16000000
DH00507,Chuột,3,250000,Online,Đồng Nai,2024-09-26,750000
DH00863,Webcam,3,890000,Online,Đồng Nai,2024-05-15,2670000
DH00556,Chuột,1,250000,ONLINE,TP. Hồ Chí Minh,2024-04-06,250000
DH00216,Ổ cứng SSD,2,1450000,Online,TP. Hồ Chí Minh,2024-01-07,2900000
DH00209,Tai nghe,1,690000,Cửa hàng,TP. Hồ Chí Minh,27/12/2024,690000
DH00065,Ổ cứng SSD,3,1450000,Online,Đồng Nai,2024-06-14,4350000
DH00011,Webcam,4,890000,Cua hang,Lâm Đồng,2024-12-17,3560000
DH00860,Chuột,5,250000,ONLINE,Đà Nẵng,2024-05-12,1250000
DH00624,Chuột,5,250000,ONLINE,Cần Thơ,2024-02-24,1.250.000 đ
DH00064,Ổ cứng SSD,2,1450000,Online,TP. Hồ Chí Minh,2024-02-11,2.900.000 đ
DH00179,Webcam,4,890000,Online,TP. Hồ Chí Minh,13/07/2024,3560000
DH00253,Webcam,,890000,Cửa hàng,Lâm Đồng,2024-06-21,3560000
DH00606,Webcam,2,890000,Cua hang,Khánh Hòa,2024-07-08,1780000
DH00604,Bàn phím,3,450000,Cửa hàng,Hà Nội,2024-03-22,1350000
DH00262,Chuột,4,250000,Cửa hàng,Đà Nẵng,2024-12-24,1.000.000 đ
DH00101,Chuột,5,250000,Cửa hàng,TP. Hồ Chí Minh,2024-08-07,1250000
DH00168,Tai nghe,1,690000,Cửa hàng,Cần Thơ,2024-11-14,690000
DH00578,Bàn phím,2,450000,Online,Hà Nội,2024-03-07,900000
DH00315,Tai nghe,4,690000,Cửa hàng,Cần Thơ,2024-07-01,2760000
DH00754,Ổ cứng SSD,5,1450000,Cửa hàng,TP. Hồ Chí Minh,2024-07-14,7.250.000 đ
DH00519,Chuột,3,250000,Cửa hàng,Đồng Nai,2024-09-10,750.000 đ
DH00808,Chuột,3,250000,Cửa hàng,Hà Nội,2024-04-10,750000
DH00662,Màn hình,4,3200000,Online,Khánh Hòa,2024-10-19,12800000
DH00645,Tai nghe,5,690000,Cửa hàng,TP. Hồ Chí Minh,2024-10-31,3450000
DH00447,Tai nghe,1,690000,Cửa hàng,TP. Hồ Chí Minh,2024-07-19,690.000 đ
DH00859,Webcam,2,890000,Online,Hà Nội,07/12/2024,1780000
DH00368,Bàn phím,4,450000,Online,Đồng Nai,2024-10-28,1800000
DH00146,Bàn phím,1,450000,Cửa hàng,Bình Dương,2024-09-07,450000
DH00363,Tai nghe,5,690000,Online,Khánh Hòa,2024-03-01,3450000
DH00661,Webcam,3,890000,Cửa hàng,Đà Nẵng,2024-09-06,2670000
DH00820,Ổ cứng SSD,1,1450000,Online,Khánh Hòa,2024-08-01,1450000
DH00852,Tai nghe,2,690000,Cửa hàng,Cần Thơ,16/03/2024,1380000
DH00765,Webcam,4,890000,Online,Đà Nẵng,2024-06-09,3560000
DH00322,Màn hình,3,3200000,Online,Cần Thơ,26/09/2024,9600000
DH00186,Tai nghe,1,690000,Online,Lâm Đồng,2024-03-18,690000
DH00654,Webcam,1,890000,Online,Hà Nội,2024-07-09,890000
DH00133,Màn hình,3,3200000,Cửa hàng,Khánh Hòa,2024-11-09,9.600.000 đ
DH00631,Webcam,4,890000,Online,Lâm Đồng,2024-03-08,3560000
DH00757,Webcam,1,890000,Cửa hàng,Đồng Nai,2024-07-19,890000
DH00800,Màn hình,3,3200000,Online,Hà Nội,2024-02-17,9600000
DH00120,Bàn phím,1,450000,Cửa hàng,Đà Nẵng,2024-03-03,450000
DH00892,Ổ cứng SSD,4,1450000,Online,Khánh Hòa,2024-12-28,5800000
DH00039,Tai nghe,3,690000,Online,Khánh Hòa,2024-01-01,2070000
DH00494,Chuột,3,250000,Online,Đà Nẵng,2024-08-13,750000
DH00458,Tai nghe,1,690000,Online,Cần Thơ,2024-06-24,690000
DH00339,Tai nghe,,690000,ONLINE,TP. Hồ Chí Minh,2024-07-22,2070000
DH00819,Màn hình,3,3200000,Online,Hà Nội,2024-03-26,9600000
DH00085,Chuột,5,250000,Cửa hàng,Cần Thơ,2024-12-14,1250000
DH00225,Webcam,2,890000,Online,Bình Dương,2024-12-10,1.780.000 đ
DH00020,Bàn phím,1,450000,Online,Khánh Hòa,2024-04-22,450000
DH00073,Tai nghe,1,690000,Online,Đồng Nai,2024-08-21,690.000 đ
DH00419,Webcam,1,890000,Online,Đồng Nai,2024-10-30,890000
DH00076,Màn hình,2,3200000,Online,Lâm Đồng,2024-09-14,6.400.000 đ
DH00381,Màn hình,4,3200000,Cửa hàng,Khánh Hòa,2024-07-16,12800000
DH00386,Ổ cứng SSD,1,1450000,Online,Cần Thơ,2024-10-08,1450000
DH00453,Màn hình,3,3200000,Online,Lâm Đồng,2024-01-01,9600000
DH00265,Bàn phím,4,450000,Cua hang,Đồng Nai,2024-08-21,1800000
DH00041,Webcam,2,890000,Online,TP. Hồ Chí Minh,2024-07-20,1780000
DH00429,Chuột,4,250000,Online,Đồng Nai,2024-12-20,1000000
DH00161,Màn hình,1,3200000,Cua hang,Bình Dương,2024-10-04,3200000
DH00111,Màn hình,4,3200000,Online,Cần Thơ,2024-11-05,12800000
DH00304,Ổ cứng SSD,2,1450000,Online,Đồng Nai,2024-07-05,2900000
DH00882,Tai nghe,4,690000,Cửa hàng,Đà Nẵng,2024-06-21,2.760.000 đ
DH00049,Chuột,3,250000,Online,Đà Nẵng,25/01/2024,750000
DH00510,Webcam,5,890000,ONLINE,Bình Dương,2024-05-25,4450000
DH00019,Chuột,1,250000,Online,Đà Nẵng,2024-02-23,250.000 đ
DH00044,Màn hình,3,3200000,Cửa hàng,Đồng Nai,2024-01-11,9600000
DH00274,Ổ cứng SSD,5,1450000,Online,Lâm Đồng,2024-06-29,7250000
DH00444,Màn hình,2,3200000,Online,Cần Thơ,2024-08-29,6.400.000 đ
DH00091,Webcam,5,890000,Cửa hàng,TP. Hồ Chí Minh,2024-06-02,4450000
DH00276,Chuột,3,250000,Cửa hàng,TP. Hồ Chí Minh,2024-06-06,750.000 đ
DH00847,Webcam,2,890000,Cửa hàng,Đà Nẵng,2024-12-14,1780000
DH00673,Bàn phím,2,450000,Online,Cần Thơ,2024-06-15,900000
DH00115,Webcam,5,890000,Online,TP. Hồ Chí Minh,2024-04-08,4450000
DH00329,Màn hình,2,3200000,Cua hang,Bình Dương,2024-05-18,6400000
DH00581,Màn hình,4,3200000,ONLINE,Bình Dương,2024-09-30,12800000
DH00466,Webcam,1,890000,Cua hang,Đồng Nai,08/10/2024,890000
DH00728,Tai nghe,3,690000,Online,Lâm Đồng,2024-06-10,2070000
DH00132,Tai nghe,5,690000,Online,Đồng Nai,2024-08-08,3450000
DH00002,Webcam,4,890000,Cửa hàng,TP. Hồ Chí Minh,2024-08-10,3560000
DH00700,Webcam,4,890000,Online,Hà Nội,2024-10-15,3560000
DH00228,Chuột,4,250000,Cửa hàng,Lâm Đồng,2024-07-12,1000000
DH00691,Tai nghe,1,690000,Online,Đà Nẵng,2024-04-12,690000
DH00840,Bàn phím,3,450000,Online,Bình Dương,2024-08-10,1.350.000 đ
DH00694,Bàn phím,3,450000,Online,Đà Nẵng,2024-02-14,1350000
DH00134,Tai nghe,2,690000,Cửa hàng,TP. Hồ Chí Minh,2024-07-07,1380000
DH00736,Bàn phím,5,450000,Cửa hàng,Bình Dương,2024-03-08,2250000
DH00249,Màn hình,5,3200000,Online,TP. Hồ Chí Minh,2024-10-16,16000000
DH00284,Tai nghe,4,690000,ONLINE,Khánh Hòa,2024-05-10,2.760.000 đ
DH00497,Webcam,3,890000,Online,Cần Thơ,2024-05-15,2.670.000 đ
DH00681,Chuột,5,250000,Cửa hàng,Cần Thơ,2024-01-15,1250000
DH00336,Chuột,5,250000,Online,Đà Nẵng,2024-12-11,1250000
DH00440,Màn hình,5,3200000,Cửa hàng,Khánh Hòa,2024-12-03,16.000.000 đ
DH00264,Ổ cứng SSD,3,1450000,Online,TP. Hồ Chí Minh,2024-11-02,4.350.000 đ
DH00143,Màn hình,4,3200000,Cửa hàng,Khánh Hòa,2024-05-19,12.800.000 đ
DH00246,Chuột,4,250000,Cửa hàng,Đồng Nai,2024-11-11,1000000
DH00813,Màn hình,3,3200000,Cửa hàng,TP. Hồ Chí Minh,2024-10-26,9600000
DH00028,Màn hình,1,3200000,Cửa hàng,Cần Thơ,2024-02-09,3200000
DH00442,Bàn phím,2,450000,Online,Đồng Nai,02/10/2024,900000
DH00139,Bàn phím,3,450000,Online,Lâm Đồng,2024-07-23,1350000
DH00364,Màn hình,1,3200000,Cửa hàng,Khánh Hòa,2024-05-24,3.200.000 đ
DH00090,Chuột,1,250000,Cửa hàng,Lâm Đồng,2024-04-30,250000
DH00839,Bàn phím,2,450000,Online,Hà Nội,2024-08-15,900.000 đ
DH00024,Tai nghe,4,690000,Cửa hàng,Hà Nội,28/09/2024,2760000
DH00609,Webcam,2,890000,Online,Đà Nẵng,2024-09-03,1780000
DH00080,Màn hình,5,3200000,Cửa hàng,Lâm Đồng,2024-03-18,16000000
DH00126,Webcam,1,890000,Cửa hàng,Khánh Hòa,2024-01-16,890000
DH00705,Chuột,3,250000,Cua hang,Đà Nẵng,2024-03-20,750000
DH00243,Màn hình,1,3200000,Online,Đà Nẵng,2024-11-04,3200000
DH00371,Ổ cứng SSD,5,1450000,Cửa hàng,Hà Nội,2024-06-09,7250000
DH00684,Chuột,3,250000,ONLINE,Bình Dương,2024-01-22,750000
DH00327,Chuột,3,250000,Cửa hàng,Khánh Hòa,2024-01-27,750000
DH00580,Tai nghe,4,690000,Cửa hàng,Khánh Hòa,28/05/2024,2760000
DH00658,Màn hình,5,3200000,Online,Đồng Nai,2024-07-03,16000000
DH00505,Bàn phím,5,450000,Cửa hàng,Khánh Hòa,2024-07-05,2250000
DH00409,Ổ cứng SSD,1,1450000,Online,Đà Nẵng,2024-11-26,1450000
DH00169,Màn hình,3,3200000,Online,TP. Hồ Chí Minh,2024-12-17,9600000
DH00082,Chuột,5,250000,Online,Lâm Đồng,2024-02-22,1.250.000 đ
DH00469,Bàn phím,4,450000,Cửa hàng,Đà Nẵng,2024-03-30,1800000
DH00232,Ổ cứng SSD,1,1450000,Cửa hàng,Lâm Đồng,14/05/2024,1450000
DH00502,Tai nghe,3,690000,Cửa hàng,TP. Hồ Chí Minh,2024-01-01,2.070.000 đ
DH00038,Màn hình,4,3200000,Online,Cần Thơ,2024-02-20,12800000
DH00843,Chuột,1,250000,Online,Bình Dương,2024-01-31,250000
DH00898,Webcam,4,890000,Cửa hàng,Cần Thơ,2024-07-30,3.560.000 đ
DH00141,Ổ cứng SSD,3,1450000,Online,TP. Hồ Chí Minh,23/01/2024,4350000
DH00547,Bàn phím,2,450000,ONLINE,Hà Nội,2024-02-05,900000
DH00257,Bàn phím,2,450000,Cua hang,Khánh Hòa,2024-11-05,900000
DH00638,Chuột,,250000,Online,Hà Nội,2024-06-12,750000
DH00237,Chuột,1,250000,Online,Lâm Đồng,2024-05-27,250000
DH00814,Bàn phím,1,450000,Online,Lâm Đồng,2024-09-06,450000
DH00417,Ổ cứng SSD,2,1450000,Cua hang,Cần Thơ,2024-08-22,2900000
DH00766,Màn hình,1,3200000,Cửa hàng,Đồng Nai,2024-05-23,3200000
DH00689,Bàn phím,2,450000,Cửa hàng,Hà Nội,2024-03-10,900000
DH00605,Webcam,4,890000,Online,Bình Dương,2024-01-26,3560000
DH00622,Tai nghe,4,690000,Online,TP. Hồ Chí Minh,2024-09-24,2760000
DH00793,Chuột,2,250000,Cửa hàng,Khánh Hòa,2024-09-03,500.000 đ
DH00851,Bàn phím,2,450000,Cua hang,Lâm Đồng,2024-03-11,900000
DH00584,Chuột,1,250000,ONLINE,TP. Hồ Chí Minh,2024-10-28,250000
DH00674,Tai nghe,2,690000,Cửa hàng,TP. Hồ Chí Minh,20/05/2024,1380000
DH00333,Bàn phím,4,450000,Online,Đồng Nai,2024-12-24,1800000
DH00270,Chuột,4,250000,Online,Hà Nội,2024-12-26,1.000.000 đ
DH00338,Webcam,4,890000,Cửa hàng,Khánh Hòa,2024-01-28,3560000
DH00092,Webcam,4,890000,Online,Cần Thơ,19/08/2024,3.560.000 đ
DH00081,Bàn phím,4,450000,Cửa hàng,,2024-07-20,1.800.000 đ
DH00704,Tai nghe,2,690000,Cửa hàng,Lâm Đồng,2024-11-06,1380000
DH00154,Màn hình,1,3200000,Online,Lâm Đồng,2024-10-21,3.200.000 đ
